[
    {
        "name": "Retail Store Assistant - OV",
        "category": "Retail",
        "hours": "2 Hours",
        "org": "Opportunity Village",
        "id": 1001,
        "isFeatured": true,
        "isFavorite": true,
        "coordinates": {
            "longitude": -116.166868,
            "latitude": 34.011286
        },
        "website": "https://www.opportunityvillage.org/",
        "phone": "702-259-3700",
        "description": "Taken from the Opportunity Village website. Join us at our thrift store volunteers assist with sorting, placing, organizing, and moving donations.  In addition, special projects and events held at the store are posted as they are scheduled.",
        "imageName": "ov"
    },
    {
        "name": "ThreeSquare Meal Prep",
        "category": "12 to 14",
        "hours": "3 Hours",
        "org": "Alaska",
        "id": 1002,
        "isFeatured": true,
        "isFavorite": false,
        "coordinates": {
            "longitude": -152.665167,
            "latitude": 59.980167
        },
        "website": "https://www.opportunityvillage.org/",
        "phone": "702-259-3700",
        "description": "Three Square is a non-profit organization that serves as Southern Nevada’s only food bank and the area’s largest hunger-relief organization. Established in 2007, their mission is to provide wholesome food to hungry people, while passionately pursuing a hunger-free community. They serve residents of Clark, Lincoln, Nye, and Esmeralda counties. Three Square acts as a central collection and distribution center for donated, rescued, and solicited food and grocery products. They offer various programs such as BackPack for Kids, Senior Hunger, Mobile Pantry, and Kids Cafe to help people in need. You can visit their website to learn more about their programs and how you can help.",
        "imageName": "threesquare"
    },
    {
        "name": "RMHC Dessert Cooking",
        "category": "Fun",
        "hours": "3 Hours",
        "org": "RMHC",
        "id": 1003,
        "isFeatured": true,
        "isFavorite": true,
        "coordinates": {
            "longitude": -135.334571,
            "latitude": 59.560551
        },
        "website": "https://www.opportunityvillage.org/",
        "phone": "702-259-3700",
        "description": "Taken from RMHC website. Our Cookie Crew has transformed into Desserts n' More!  We encourage not only cookies, but brownies, cupcakes, and anything sweet and delicious.  Bake or make treats for our families in our House kitchen. Determine what you want to make, gather the ingredients, and bring everything to the House to create your tasty sweet treat.  This opportunity is available 11:30am - 2:30pm, subject to availability.  This is a great activity for small groups of up to 5.",
        "imageName": "rmhc"
    },
    {
        "name": "Connor and Millie's Dog Rescue",
        "category": "Fun",
        "hours": "Browning",
        "org": "Montana",
        "id": 1004,
        "isFeatured": false,
        "isFavorite": true,
        "park": "Glacier National Park",
        "coordinates": {
            "longitude": -113.536248,
            "latitude": 48.69423
        },
        "website": "https://www.opportunityvillage.org/",
        "phone": "702-259-3700",
        "description": "Suscipit inceptos est felis purus aenean aliquet adipiscing diam venenatis, augue nibh duis neque aliquam tellus condimentum sagittis vivamus, cras ante etiam sit conubia elit tempus accumsan libero, mattis per erat habitasse cubilia ligula penatibus curae. Sagittis lorem augue arcu blandit libero molestie non ullamcorper, finibus imperdiet iaculis ad quam per luctus neque, ligula curae mauris parturient diam auctor eleifend laoreet ridiculus, hendrerit adipiscing sociosqu pretium nec velit aliquam. Inceptos egestas maecenas imperdiet eget id donec nisl curae congue, massa tortor vivamus ridiculus integer porta ultrices venenatis aliquet, curabitur et posuere blandit magnis dictum auctor lacinia, eleifend dolor in ornare vulputate ipsum morbi felis. Faucibus cursus malesuada orci ultrices diam nisl taciti torquent, tempor eros suspendisse euismod condimentum dis velit mi tristique, a quis etiam dignissim dictum porttitor lobortis ad fermentum, sapien consectetur dui dolor purus elit pharetra. Interdum mattis sapien ac orci vestibulum vulputate laoreet proin hac, maecenas mollis ridiculus morbi praesent cubilia vitae ligula vel, sem semper volutpat curae mauris justo nisl luctus, non eros primis ultrices nascetur erat varius integer.",
        "imageName": "cmdr"
    },
    {
        "name": "NPHY Do-Gooders",
        "category": "Three Hours",
        "hours": "Twin Three Hours",
        "org": "Alaska",
        "id": 1005,
        "isFeatured": false,
        "isFavorite": false,
        "park": "Lake Clark National Park and Preserve",
        "coordinates": {
            "longitude": -153.849883,
            "latitude": 60.641684
        },
        "website": "https://www.opportunityvillage.org/",
        "phone": "702-259-3700",
        "description": "Suscipit inceptos est felis purus aenean aliquet adipiscing diam venenatis, augue nibh duis neque aliquam tellus condimentum sagittis vivamus, cras ante etiam sit conubia elit tempus accumsan libero, mattis per erat habitasse cubilia ligula penatibus curae. Sagittis lorem augue arcu blandit libero molestie non ullamcorper, finibus imperdiet iaculis ad quam per luctus neque, ligula curae mauris parturient diam auctor eleifend laoreet ridiculus, hendrerit adipiscing sociosqu pretium nec velit aliquam. Inceptos egestas maecenas imperdiet eget id donec nisl curae congue, massa tortor vivamus ridiculus integer porta ultrices venenatis aliquet, curabitur et posuere blandit magnis dictum auctor lacinia, eleifend dolor in ornare vulputate ipsum morbi felis. Faucibus cursus malesuada orci ultrices diam nisl taciti torquent, tempor eros suspendisse euismod condimentum dis velit mi tristique, a quis etiam dignissim dictum porttitor lobortis ad fermentum, sapien consectetur dui dolor purus elit pharetra. Interdum mattis sapien ac orci vestibulum vulputate laoreet proin hac, maecenas mollis ridiculus morbi praesent cubilia vitae ligula vel, sem semper volutpat curae mauris justo nisl luctus, non eros primis ultrices nascetur erat varius integer.",
        "imageName": "nphy"
    },
    {
        "name": "GTSF Shoe Distribution",
        "category": "Highly Rated",
        "hours": "West Glacier",
        "org": "Montana",
        "id": 1006,
        "isFeatured": false,
        "isFavorite": false,
        "park": "Glacier National Park",
        "coordinates": {
            "longitude": -113.934831,
            "latitude": 48.56002
        },
        "website": "https://www.opportunityvillage.org/",
        "phone": "702-259-3700",
        "description": "Suscipit inceptos est felis purus aenean aliquet adipiscing diam venenatis, augue nibh duis neque aliquam tellus condimentum sagittis vivamus, cras ante etiam sit conubia elit tempus accumsan libero, mattis per erat habitasse cubilia ligula penatibus curae. Sagittis lorem augue arcu blandit libero molestie non ullamcorper, finibus imperdiet iaculis ad quam per luctus neque, ligula curae mauris parturient diam auctor eleifend laoreet ridiculus, hendrerit adipiscing sociosqu pretium nec velit aliquam. Inceptos egestas maecenas imperdiet eget id donec nisl curae congue, massa tortor vivamus ridiculus integer porta ultrices venenatis aliquet, curabitur et posuere blandit magnis dictum auctor lacinia, eleifend dolor in ornare vulputate ipsum morbi felis. Faucibus cursus malesuada orci ultrices diam nisl taciti torquent, tempor eros suspendisse euismod condimentum dis velit mi tristique, a quis etiam dignissim dictum porttitor lobortis ad fermentum, sapien consectetur dui dolor purus elit pharetra. Interdum mattis sapien ac orci vestibulum vulputate laoreet proin hac, maecenas mollis ridiculus morbi praesent cubilia vitae ligula vel, sem semper volutpat curae mauris justo nisl luctus, non eros primis ultrices nascetur erat varius integer.",
        "imageName": "goodie2shoes"
    },
    {
        "name": "Assistance League",
        "category": "Highly Rated",
        "hours": "Eaking",
        "org": "Alaska",
        "id": 1007,
        "isFeatured": false,
        "isFavorite": false,
        "park": "Charley Rivers National Preserve",
        "coordinates": {
            "longitude": -143.122586,
            "latitude": 65.350021
        },
        "website": "https://www.opportunityvillage.org/",
        "phone": "702-259-3700",
        "description": "Suscipit inceptos est felis purus aenean aliquet adipiscing diam venenatis, augue nibh duis neque aliquam tellus condimentum sagittis vivamus, cras ante etiam sit conubia elit tempus accumsan libero, mattis per erat habitasse cubilia ligula penatibus curae. Sagittis lorem augue arcu blandit libero molestie non ullamcorper, finibus imperdiet iaculis ad quam per luctus neque, ligula curae mauris parturient diam auctor eleifend laoreet ridiculus, hendrerit adipiscing sociosqu pretium nec velit aliquam. Inceptos egestas maecenas imperdiet eget id donec nisl curae congue, massa tortor vivamus ridiculus integer porta ultrices venenatis aliquet, curabitur et posuere blandit magnis dictum auctor lacinia, eleifend dolor in ornare vulputate ipsum morbi felis. Faucibus cursus malesuada orci ultrices diam nisl taciti torquent, tempor eros suspendisse euismod condimentum dis velit mi tristique, a quis etiam dignissim dictum porttitor lobortis ad fermentum, sapien consectetur dui dolor purus elit pharetra. Interdum mattis sapien ac orci vestibulum vulputate laoreet proin hac, maecenas mollis ridiculus morbi praesent cubilia vitae ligula vel, sem semper volutpat curae mauris justo nisl luctus, non eros primis ultrices nascetur erat varius integer.",
        "imageName": "al"
    },
    {
        "name": "Las Vegas Rescue Mission",
        "category": "Retail",
        "hours": "Icy Bay",
        "org": "Alaska",
        "id": 1008,
        "isFeatured": false,
        "isFavorite": false,
        "park": "Wrangell-St. Elias National Park and Preserve",
        "coordinates": {
            "longitude": -141.518167,
            "latitude": 60.089917
        },
        "website": "https://www.opportunityvillage.org/",
        "phone": "702-259-3700",
        "description": "Suscipit inceptos est felis purus aenean aliquet adipiscing diam venenatis, augue nibh duis neque aliquam tellus condimentum sagittis vivamus, cras ante etiam sit conubia elit tempus accumsan libero, mattis per erat habitasse cubilia ligula penatibus curae. Sagittis lorem augue arcu blandit libero molestie non ullamcorper, finibus imperdiet iaculis ad quam per luctus neque, ligula curae mauris parturient diam auctor eleifend laoreet ridiculus, hendrerit adipiscing sociosqu pretium nec velit aliquam. Inceptos egestas maecenas imperdiet eget id donec nisl curae congue, massa tortor vivamus ridiculus integer porta ultrices venenatis aliquet, curabitur et posuere blandit magnis dictum auctor lacinia, eleifend dolor in ornare vulputate ipsum morbi felis. Faucibus cursus malesuada orci ultrices diam nisl taciti torquent, tempor eros suspendisse euismod condimentum dis velit mi tristique, a quis etiam dignissim dictum porttitor lobortis ad fermentum, sapien consectetur dui dolor purus elit pharetra. Interdum mattis sapien ac orci vestibulum vulputate laoreet proin hac, maecenas mollis ridiculus morbi praesent cubilia vitae ligula vel, sem semper volutpat curae mauris justo nisl luctus, non eros primis ultrices nascetur erat varius integer.",
        "imageName": "lvrm"
    },
    {
        "name": "Project 150 Store",
        "category": "Retail",
        "hours": "Willow",
        "org": "Alaska",
        "id": 1009,
        "isFeatured": false,
        "isFavorite": false,
        "park": "org Recreation Area",
        "coordinates": {
            "longitude": -150.086103,
            "latitude": 61.694334
        },
        "website": "https://www.opportunityvillage.org/",
        "phone": "702-259-3700",
        "description": "Suscipit inceptos est felis purus aenean aliquet adipiscing diam venenatis, augue nibh duis neque aliquam tellus condimentum sagittis vivamus, cras ante etiam sit conubia elit tempus accumsan libero, mattis per erat habitasse cubilia ligula penatibus curae. Sagittis lorem augue arcu blandit libero molestie non ullamcorper, finibus imperdiet iaculis ad quam per luctus neque, ligula curae mauris parturient diam auctor eleifend laoreet ridiculus, hendrerit adipiscing sociosqu pretium nec velit aliquam. Inceptos egestas maecenas imperdiet eget id donec nisl curae congue, massa tortor vivamus ridiculus integer porta ultrices venenatis aliquet, curabitur et posuere blandit magnis dictum auctor lacinia, eleifend dolor in ornare vulputate ipsum morbi felis. Faucibus cursus malesuada orci ultrices diam nisl taciti torquent, tempor eros suspendisse euismod condimentum dis velit mi tristique, a quis etiam dignissim dictum porttitor lobortis ad fermentum, sapien consectetur dui dolor purus elit pharetra. Interdum mattis sapien ac orci vestibulum vulputate laoreet proin hac, maecenas mollis ridiculus morbi praesent cubilia vitae ligula vel, sem semper volutpat curae mauris justo nisl luctus, non eros primis ultrices nascetur erat varius integer.",
        "imageName": "project150"
    },
    {
        "name": "Nathan Adelson Hospice",
        "category": "Weekends",
        "hours": "Newhalem",
        "org": "Washington",
        "id": 1010,
        "isFeatured": false,
        "isFavorite": false,
        "park": "North Cascades National Park",
        "coordinates": {
            "longitude": -121.17799,
            "latitude": 48.495442
        },
        "website": "https://www.opportunityvillage.org/",
        "phone": "702-259-3700",
        "description": "Suscipit inceptos est felis purus aenean aliquet adipiscing diam venenatis, augue nibh duis neque aliquam tellus condimentum sagittis vivamus, cras ante etiam sit conubia elit tempus accumsan libero, mattis per erat habitasse cubilia ligula penatibus curae. Sagittis lorem augue arcu blandit libero molestie non ullamcorper, finibus imperdiet iaculis ad quam per luctus neque, ligula curae mauris parturient diam auctor eleifend laoreet ridiculus, hendrerit adipiscing sociosqu pretium nec velit aliquam. Inceptos egestas maecenas imperdiet eget id donec nisl curae congue, massa tortor vivamus ridiculus integer porta ultrices venenatis aliquet, curabitur et posuere blandit magnis dictum auctor lacinia, eleifend dolor in ornare vulputate ipsum morbi felis. Faucibus cursus malesuada orci ultrices diam nisl taciti torquent, tempor eros suspendisse euismod condimentum dis velit mi tristique, a quis etiam dignissim dictum porttitor lobortis ad fermentum, sapien consectetur dui dolor purus elit pharetra. Interdum mattis sapien ac orci vestibulum vulputate laoreet proin hac, maecenas mollis ridiculus morbi praesent cubilia vitae ligula vel, sem semper volutpat curae mauris justo nisl luctus, non eros primis ultrices nascetur erat varius integer.",
        "imageName": "nathan"
    },
    {
        "name": "Catholic Charities of Southern NV",
        "category": "Highly Rated",
        "hours": "Chincoteague",
        "org": "Virginia",
        "id": 1011,
        "isFeatured": false,
        "isFavorite": false,
        "park": "Chincoteague National Wildlife Refuge",
        "coordinates": {
            "longitude": -75.383212,
            "latitude": 37.91531
        },
        "website": "https://www.opportunityvillage.org/",
        "phone": "702-259-3700",
        "description": "Suscipit inceptos est felis purus aenean aliquet adipiscing diam venenatis, augue nibh duis neque aliquam tellus condimentum sagittis vivamus, cras ante etiam sit conubia elit tempus accumsan libero, mattis per erat habitasse cubilia ligula penatibus curae. Sagittis lorem augue arcu blandit libero molestie non ullamcorper, finibus imperdiet iaculis ad quam per luctus neque, ligula curae mauris parturient diam auctor eleifend laoreet ridiculus, hendrerit adipiscing sociosqu pretium nec velit aliquam. Inceptos egestas maecenas imperdiet eget id donec nisl curae congue, massa tortor vivamus ridiculus integer porta ultrices venenatis aliquet, curabitur et posuere blandit magnis dictum auctor lacinia, eleifend dolor in ornare vulputate ipsum morbi felis. Faucibus cursus malesuada orci ultrices diam nisl taciti torquent, tempor eros suspendisse euismod condimentum dis velit mi tristique, a quis etiam dignissim dictum porttitor lobortis ad fermentum, sapien consectetur dui dolor purus elit pharetra. Interdum mattis sapien ac orci vestibulum vulputate laoreet proin hac, maecenas mollis ridiculus morbi praesent cubilia vitae ligula vel, sem semper volutpat curae mauris justo nisl luctus, non eros primis ultrices nascetur erat varius integer.",
        "imageName": "catholiccharities"
    },
    {
        "name": "HELP of Southern NV",
        "category": "Highly Rated",
        "hours": "Errol",
        "org": "New Hampshire",
        "id": 1012,
        "isFeatured": false,
        "isFavorite": false,
        "park": "Umbagog National Wildlife Refuge",
        "coordinates": {
            "longitude": -71.056816,
            "latitude": 44.747408
        },
        "website": "https://www.opportunityvillage.org/",
        "phone": "702-259-3700",
        "description": "Suscipit inceptos est felis purus aenean aliquet adipiscing diam venenatis, augue nibh duis neque aliquam tellus condimentum sagittis vivamus, cras ante etiam sit conubia elit tempus accumsan libero, mattis per erat habitasse cubilia ligula penatibus curae. Sagittis lorem augue arcu blandit libero molestie non ullamcorper, finibus imperdiet iaculis ad quam per luctus neque, ligula curae mauris parturient diam auctor eleifend laoreet ridiculus, hendrerit adipiscing sociosqu pretium nec velit aliquam. Inceptos egestas maecenas imperdiet eget id donec nisl curae congue, massa tortor vivamus ridiculus integer porta ultrices venenatis aliquet, curabitur et posuere blandit magnis dictum auctor lacinia, eleifend dolor in ornare vulputate ipsum morbi felis. Faucibus cursus malesuada orci ultrices diam nisl taciti torquent, tempor eros suspendisse euismod condimentum dis velit mi tristique, a quis etiam dignissim dictum porttitor lobortis ad fermentum, sapien consectetur dui dolor purus elit pharetra. Interdum mattis sapien ac orci vestibulum vulputate laoreet proin hac, maecenas mollis ridiculus morbi praesent cubilia vitae ligula vel, sem semper volutpat curae mauris justo nisl luctus, non eros primis ultrices nascetur erat varius integer.",
        "imageName": "help"
    }
]

